class_id,class_name,crop,disease,description,symptoms,severity
0,rice_healthy,paddy,healthy,Healthy paddy leaf,Uniform green leaf without spots or streaks,none
1,rice_brown_spot,paddy,Brown spot,Fungal leaf spot (Bipolaris oryzae),Oval brown spots with grey centres,moderate
2,rice_leaf_blight,paddy,Bacterial leaf blight,Bacterial blight (Xanthomonas oryzae pv. oryzae),"Yellow-to-straw drying from tips down the margins, wavy edges",high
3,tomato_healthy,tomato,healthy,Healthy tomato leaf,Green leaflets without lesions,none
4,tomato_leaf_spot,tomato,Septoria leaf spot,Fungal leaf spot (Septoria lycopersici),Many small round spots with dark borders and grey centres,moderate
5,tomato_early_blight,tomato,Early blight,Fungal blight (Alternaria solani),Brown spots with concentric target rings on older leaves,moderate
6,chilli_healthy,chilli,healthy,Healthy chilli leaf,Flat green leaves,none
7,chilli_leaf_curl,chilli,Leaf curl complex,Virus and thrips/mite damage,"Curled, crinkled, small leaves",high
8,banana_healthy,banana,healthy,Healthy banana leaf,Green lamina without streaks,none
9,banana_leaf_disease,banana,Sigatoka leaf spot,Fungal leaf spot (Pseudocercospora spp.),Yellow streaks turning into brown-black spots,moderate
