crop_id,name_en,name_ta,tanglish_names,scientific_name,crop_type,season,duration,soil,verification_required
paddy,Paddy,நெல்,nel;nellu;nelu;paddy,Oryza sativa,cereal,"In Tamil Nadu paddy is grown in Kuruvai (June–September), Samba (August–January), Thaladi and Navarai seasons.",105 to 150 days depending on variety,Clay or clay-loam soils that hold water suit paddy.,true
tomato,Tomato,தக்காளி,thakkali;takkali;tomato,Solanum lycopersicum,vegetable,"Tomato is commonly transplanted in June–July, November–December and January–February.",about 60–75 days from transplanting to first harvest,"Well-drained loam rich in organic matter, pH about 6–7.",true
chilli,Chilli,மிளகாய்,milagai;milaga;chilli,Capsicum annuum,vegetable/spice,"Chilli is commonly transplanted in January–February, June–July and September–October.",about 75 days from transplanting to first green chilli harvest,Well-drained loam; chilli is sensitive to waterlogging.,true
banana,Banana,வாழை,vaazhai;vazhai;valai;banana,Musa spp.,fruit,"Banana is commonly planted in February–April, and with the monsoon in some districts.",11 to 14 months until bunch harvest,"Deep, fertile, well-drained loam.",true
coconut,Coconut,தென்னை,thennai;thenna;coconut,Cocos nucifera,plantation,Coconut seedlings are best planted at the start of the monsoon (June–July or September–October).,about 6–7 years to bearing for tall varieties and 3–4 years for hybrid/dwarf varieties,"Well-drained red loam, sandy loam or coastal sandy soils.",true
sugarcane,Sugarcane,கரும்பு,karumbu;karimbu;sugarcane,Saccharum officinarum,cash crop,"Sugarcane is planted in the early season (December–January), mid season (February–March) and late season (April–May).",10 to 12 months,Deep loam or clay-loam with good drainage.,true
groundnut,Groundnut,நிலக்கடலை,nilakadalai;kadalai;verkadalai;groundnut,Arachis hypogaea,oilseed,Groundnut is sown in June–July (rainfed) and December–January (irrigated).,about 100 to 110 days,Well-drained light soils such as red sandy loam that allow easy pegging.,true
cotton,Cotton,பருத்தி,paruthi;paruththi;cotton,Gossypium spp.,fibre,Cotton is sown in August–September (winter irrigated) and February–March (summer irrigated).,150 to 180 days,Deep black soils or well-drained loams.,true
maize,Maize,மக்காச்சோளம்,makkacholam;cholam;maize,Zea mays,cereal,"Maize is sown in June–July, September–October and January–February.",95 to 110 days,Well-drained loam; maize does not tolerate waterlogging.,true
brinjal,Brinjal,கத்தரி,kathiri;kathirikai;katharikai;brinjal,Solanum melongena,vegetable,Brinjal is commonly transplanted in December–January and May–June.,about 55–65 days from transplanting to first harvest,Well-drained loam rich in organic matter.,true
onion,Onion (small onion),சின்ன வெங்காயம்,vengayam;chinna vengayam;onion,Allium cepa var. aggregatum,vegetable,Small onion is commonly planted in April–May and October–November; timing varies by district.,about 60–75 days for small onion,"Loose, well-drained loam.",true
drumstick,Drumstick (moringa),முருங்கை,murungai;murungakai;drumstick,Moringa oleifera,vegetable tree,Annual drumstick varieties such as PKM-1 are commonly sown in June–July.,first pods in about 6 months for annual varieties,Well-drained sandy loam; tolerates poor soils but not waterlogging.,true
turmeric,Turmeric,மஞ்சள்,manjal;turmeric,Curcuma longa,spice,Turmeric is planted in May–June.,7 to 9 months,Well-drained loam rich in organic matter.,true
blackgram,Black gram,உளுந்து,ulundhu;uluntu;urad,Vigna mungo,pulse,"Black gram is sown in June–July and September–October, and as a rice-fallow crop in January in the delta.",65 to 75 days,Well-drained loam; also grown on residual moisture in rice fallows.,true
greengram,Green gram,பாசிப்பயறு,paasi payaru;pachai payaru;moong,Vigna radiata,pulse,"Green gram is sown in June–July and September–October, and as a rice-fallow crop in the delta.",65 to 70 days,Well-drained loam; also grown on residual moisture in rice fallows.,true
