disease_id,crops,name_en,name_ta,pathogen_type,causal_agent,symptoms,favourable_conditions,prevention,management,image_class,verification_required
rice_blast,paddy,Blast,குலை நோய்,fungal,Magnaporthe oryzae,Spindle- or eye-shaped spots with grey centres and brown margins on leaves; neck blast makes the panicle neck turn black and break.,"High humidity, cool nights, excess nitrogen.","Use certified disease-free seed, remove infected residues, avoid excess nitrogen, and keep good spacing and drainage.",Remove affected parts early; bio-agents such as Trichoderma or Pseudomonas are used for some fungal diseases. Get the correct fungicide and dose from the agriculture officer or KVK.,,true
rice_brown_spot,paddy,Brown spot,பழுப்புப் புள்ளி நோய்,fungal,Bipolaris oryzae,Oval brown spots with grey or whitish centres on leaves; dark spots on grains.,Nutrient-poor soils and water stress.,"Use certified disease-free seed, remove infected residues, avoid excess nitrogen, and keep good spacing and drainage.",Remove affected parts early; bio-agents such as Trichoderma or Pseudomonas are used for some fungal diseases. Get the correct fungicide and dose from the agriculture officer or KVK.,rice_brown_spot,true
rice_blb,paddy,Bacterial leaf blight,இலைக் கருகல் நோய்,bacterial,Xanthomonas oryzae pv. oryzae,Yellowing and drying from leaf tips down the margins with wavy edges; leaves turn straw-coloured.,"Heavy rain, wind, flooding, high nitrogen.","Use clean seed and planting material, avoid flooding from infected fields, and avoid excess nitrogen.",There is no cure once plants are badly infected; remove and destroy them. Ask the agriculture officer about approved control measures.,rice_leaf_blight,true
rice_sheath_blight,paddy,Sheath blight,இலையுறைக் கருகல் நோய்,fungal,Rhizoctonia solani,Oval greenish-grey lesions with brown borders on leaf sheaths near the water line.,"Dense planting, high humidity, high nitrogen.","Use certified disease-free seed, remove infected residues, avoid excess nitrogen, and keep good spacing and drainage.",Remove affected parts early; bio-agents such as Trichoderma or Pseudomonas are used for some fungal diseases. Get the correct fungicide and dose from the agriculture officer or KVK.,,true
rice_tungro,paddy,Tungro,துங்ரோ நோய்,viral,Rice tungro viruses (spread by green leafhopper),"Yellow-orange leaves starting from the tips, stunted plants, fewer tillers.",High green leafhopper population.,"Use resistant varieties, raise seedlings under insect-proof net, control the insect vector early and remove weed hosts.",Viral diseases cannot be cured; uproot and destroy infected plants early and manage the vector. Ask the agriculture officer for vector control advice.,,true
rice_false_smut,paddy,False smut,பொய்க் கரிப்பூட்டை நோய்,fungal,Ustilaginoidea virens,Individual grains turn into velvety orange to greenish-black balls.,Rain and high humidity at flowering.,"Use certified disease-free seed, remove infected residues, avoid excess nitrogen, and keep good spacing and drainage.",Remove affected parts early; bio-agents such as Trichoderma or Pseudomonas are used for some fungal diseases. Get the correct fungicide and dose from the agriculture officer or KVK.,,true
tomato_early_blight,tomato,Early blight,முன் கருகல் நோய்,fungal,Alternaria solani,"Dark brown spots with concentric rings on older leaves, which then yellow and drop.","Warm humid weather, leaf wetness.","Use certified disease-free seed, remove infected residues, avoid excess nitrogen, and keep good spacing and drainage.",Remove affected parts early; bio-agents such as Trichoderma or Pseudomonas are used for some fungal diseases. Get the correct fungicide and dose from the agriculture officer or KVK.,tomato_early_blight,true
tomato_late_blight,tomato,Late blight,பின் கருகல் நோய்,oomycete,Phytophthora infestans,Water-soaked dark patches on leaves with white growth underneath; firm brown rot on fruits.,"Cool, humid, cloudy weather.","Ensure good drainage, avoid waterlogging and use raised nursery beds.",Remove affected plants; improve drainage. Get the correct fungicide and dose from the agriculture officer or KVK.,,true
tomato_septoria,tomato,Septoria leaf spot,செப்டோரியா இலைப்புள்ளி நோய்,fungal,Septoria lycopersici,Many small circular spots with dark borders and grey centres on lower leaves.,Wet weather and splashing water.,"Use certified disease-free seed, remove infected residues, avoid excess nitrogen, and keep good spacing and drainage.",Remove affected parts early; bio-agents such as Trichoderma or Pseudomonas are used for some fungal diseases. Get the correct fungicide and dose from the agriculture officer or KVK.,tomato_leaf_spot,true
tomato_leaf_curl,tomato,Tomato leaf curl,இலைச்சுருள் நோய்,viral,Tomato leaf curl virus (spread by whitefly),"Upward curling, crinkling and yellowing of leaves; stunted plants with few fruits.",High whitefly population.,"Use resistant varieties, raise seedlings under insect-proof net, control the insect vector early and remove weed hosts.",Viral diseases cannot be cured; uproot and destroy infected plants early and manage the vector. Ask the agriculture officer for vector control advice.,,true
tomato_bacterial_wilt,tomato;brinjal;chilli,Bacterial wilt,பாக்டீரியா வாடல் நோய்,bacterial,Ralstonia solanacearum,Sudden wilting of green plants; a cut stem placed in clear water releases milky ooze.,Warm wet soils and infested fields.,"Use clean seed and planting material, avoid flooding from infected fields, and avoid excess nitrogen.",There is no cure once plants are badly infected; remove and destroy them. Ask the agriculture officer about approved control measures.,,true
damping_off,tomato;chilli;brinjal,Damping off,நாற்றழுகல் நோய்,oomycete,Pythium spp.,Nursery seedlings rot at the base and collapse.,"Wet, poorly drained nursery beds.","Ensure good drainage, avoid waterlogging and use raised nursery beds.",Remove affected plants; improve drainage. Get the correct fungicide and dose from the agriculture officer or KVK.,,true
chilli_leaf_curl,chilli,Leaf curl complex,இலைச்சுருள் நோய்,viral/pest complex,Chilli leaf curl virus (whitefly) plus thrips and mite damage,"Leaves curl, become small and crinkled; plants bushy and stunted.","High whitefly, thrips or mite populations.","Use healthy seedlings, monitor whitefly, thrips and mites weekly, and use yellow/blue sticky traps.",Remove badly affected plants and manage the insect/mite vectors. Ask the agriculture officer for approved control measures.,chilli_leaf_curl,true
chilli_anthracnose,chilli,Anthracnose (fruit rot and die-back),பழ அழுகல் மற்றும் நுனிக்கருகல் நோய்,fungal,Colletotrichum spp.,Sunken dark spots with rings on ripe fruits; twigs dry from the tip downwards.,Warm humid weather and rain at fruiting.,"Use certified disease-free seed, remove infected residues, avoid excess nitrogen, and keep good spacing and drainage.",Remove affected parts early; bio-agents such as Trichoderma or Pseudomonas are used for some fungal diseases. Get the correct fungicide and dose from the agriculture officer or KVK.,,true
chilli_powdery_mildew,chilli,Powdery mildew,சாம்பல் நோய்,fungal,Leveillula taurica,White powdery growth on the underside of leaves with yellow patches above; leaf drop.,Dry days with cool nights.,"Use certified disease-free seed, remove infected residues, avoid excess nitrogen, and keep good spacing and drainage.",Remove affected parts early; bio-agents such as Trichoderma or Pseudomonas are used for some fungal diseases. Get the correct fungicide and dose from the agriculture officer or KVK.,,true
banana_sigatoka,banana,Sigatoka leaf spot,சிகடோகா இலைப்புள்ளி நோய்,fungal,Pseudocercospora musicola,Small yellow streaks that become brown-black spots with grey centres; leaves dry early.,High humidity and rain.,"Use certified disease-free seed, remove infected residues, avoid excess nitrogen, and keep good spacing and drainage.",Remove affected parts early; bio-agents such as Trichoderma or Pseudomonas are used for some fungal diseases. Get the correct fungicide and dose from the agriculture officer or KVK.,banana_leaf_disease,true
banana_fusarium_wilt,banana,Fusarium (Panama) wilt,பனாமா வாடல் நோய்,fungal,Fusarium oxysporum f. sp. cubense,Older leaves yellow and collapse around the pseudostem; pseudostem splits; reddish-brown streaks inside.,"Susceptible varieties, infected suckers, poor drainage.","Use certified disease-free seed, remove infected residues, avoid excess nitrogen, and keep good spacing and drainage.",Remove affected parts early; bio-agents such as Trichoderma or Pseudomonas are used for some fungal diseases. Get the correct fungicide and dose from the agriculture officer or KVK.,,true
banana_bunchy_top,banana,Bunchy top,முடிக்கொத்து நோய்,viral,Banana bunchy top virus (spread by banana aphid),Narrow erect leaves bunched at the top with dark green dot-dash streaks; no proper bunch.,Infected suckers and aphid spread.,"Use resistant varieties, raise seedlings under insect-proof net, control the insect vector early and remove weed hosts.",Viral diseases cannot be cured; uproot and destroy infected plants early and manage the vector. Ask the agriculture officer for vector control advice.,,true
coconut_bud_rot,coconut,Bud rot,குருத்தழுகல் நோய்,oomycete,Phytophthora palmivora,The spindle (youngest) leaf yellows and droops; the bud rots with a foul smell.,Continuous rain and high humidity.,"Ensure good drainage, avoid waterlogging and use raised nursery beds.",Remove affected plants; improve drainage. Get the correct fungicide and dose from the agriculture officer or KVK.,,true
coconut_thanjavur_wilt,coconut,Thanjavur wilt (basal stem rot),தஞ்சாவூர் வாடல் நோய்,fungal,Ganoderma spp.,Reddish-brown bleeding at the trunk base; outer leaves yellow and droop; bracket fungus may appear at the base.,"Poor drainage or water stress, infected stumps nearby.","Use certified disease-free seed, remove infected residues, avoid excess nitrogen, and keep good spacing and drainage.",Remove affected parts early; bio-agents such as Trichoderma or Pseudomonas are used for some fungal diseases. Get the correct fungicide and dose from the agriculture officer or KVK.,,true
coconut_stem_bleeding,coconut,Stem bleeding,தண்டுக் கசிவு நோய்,fungal,Thielaviopsis paradoxa,Dark reddish-brown liquid oozes from cracks on the trunk; tissue beneath rots.,Injuries and waterlogging.,"Use certified disease-free seed, remove infected residues, avoid excess nitrogen, and keep good spacing and drainage.",Remove affected parts early; bio-agents such as Trichoderma or Pseudomonas are used for some fungal diseases. Get the correct fungicide and dose from the agriculture officer or KVK.,,true
sugarcane_red_rot,sugarcane,Red rot,செவ்வழுகல் நோய்,fungal,Colletotrichum falcatum,Leaves dry from the top; split cane shows red tissue with white cross patches and a sour smell.,"Infected setts, susceptible varieties, waterlogging.","Use certified disease-free seed, remove infected residues, avoid excess nitrogen, and keep good spacing and drainage.",Remove affected parts early; bio-agents such as Trichoderma or Pseudomonas are used for some fungal diseases. Get the correct fungicide and dose from the agriculture officer or KVK.,,true
sugarcane_smut,sugarcane,Smut,கரிப்பூட்டை நோய்,fungal,Sporisorium scitamineum,A long black whip-like structure emerges from the growing tip; thin grassy shoots.,Infected setts and ratoon crops.,"Use certified disease-free seed, remove infected residues, avoid excess nitrogen, and keep good spacing and drainage.",Remove affected parts early; bio-agents such as Trichoderma or Pseudomonas are used for some fungal diseases. Get the correct fungicide and dose from the agriculture officer or KVK.,,true
sugarcane_grassy_shoot,sugarcane,Grassy shoot,புல் தோகை நோய்,phytoplasma,Phytoplasma,"Many thin, pale grassy tillers from the base; stunted cane.",Infected setts and insect vectors.,Use healthy planting material and control leafhopper vectors.,Uproot and destroy infected plants early. Ask the agriculture officer for vector control advice.,,true
groundnut_tikka,groundnut,Early and late leaf spot (tikka),டிக்கா இலைப்புள்ளி நோய்,fungal,Cercospora arachidicola / Nothopassalora personata,"Circular brown to black spots on leaves, often with a yellow halo; heavy leaf fall.",Humid weather and continuous groundnut cropping.,"Use certified disease-free seed, remove infected residues, avoid excess nitrogen, and keep good spacing and drainage.",Remove affected parts early; bio-agents such as Trichoderma or Pseudomonas are used for some fungal diseases. Get the correct fungicide and dose from the agriculture officer or KVK.,,true
groundnut_rust,groundnut,Rust,துரு நோய்,fungal,Puccinia arachidis,Orange-brown powdery pustules on the underside of leaves.,High humidity.,"Use certified disease-free seed, remove infected residues, avoid excess nitrogen, and keep good spacing and drainage.",Remove affected parts early; bio-agents such as Trichoderma or Pseudomonas are used for some fungal diseases. Get the correct fungicide and dose from the agriculture officer or KVK.,,true
groundnut_stem_rot,groundnut,Stem rot,தண்டழுகல் நோய்,fungal,Sclerotium rolfsii,White cottony growth with mustard-seed-like bodies at the stem base; the plant wilts.,Warm moist soil and organic debris.,"Use certified disease-free seed, remove infected residues, avoid excess nitrogen, and keep good spacing and drainage.",Remove affected parts early; bio-agents such as Trichoderma or Pseudomonas are used for some fungal diseases. Get the correct fungicide and dose from the agriculture officer or KVK.,,true
dry_root_rot,groundnut;cotton;blackgram;greengram,Dry root rot,வேர் அழுகல் நோய்,fungal,Macrophomina phaseolina,"Plants dry suddenly; roots turn dark, brittle and shredded.",High soil temperature with moisture stress.,"Use certified disease-free seed, remove infected residues, avoid excess nitrogen, and keep good spacing and drainage.",Remove affected parts early; bio-agents such as Trichoderma or Pseudomonas are used for some fungal diseases. Get the correct fungicide and dose from the agriculture officer or KVK.,,true
cotton_bacterial_blight,cotton,Bacterial blight,பாக்டீரியா இலைக் கருகல் நோய்,bacterial,Xanthomonas citri pv. malvacearum,Angular water-soaked leaf spots that turn brown; black lesions on stems; boll rot.,Warm humid weather and infected seed.,"Use clean seed and planting material, avoid flooding from infected fields, and avoid excess nitrogen.",There is no cure once plants are badly infected; remove and destroy them. Ask the agriculture officer about approved control measures.,,true
maize_turcicum_blight,maize,Turcicum leaf blight,இலைக் கருகல் நோய்,fungal,Exserohilum turcicum,Long cigar-shaped grey-green to tan lesions on leaves.,Moderate temperature and high humidity.,"Use certified disease-free seed, remove infected residues, avoid excess nitrogen, and keep good spacing and drainage.",Remove affected parts early; bio-agents such as Trichoderma or Pseudomonas are used for some fungal diseases. Get the correct fungicide and dose from the agriculture officer or KVK.,,true
maize_downy_mildew,maize,Downy mildew,அடிச்சாம்பல் நோய்,oomycete,Peronosclerospora sorghi,Pale streaks on leaves with white downy growth underneath; stunted plants.,Cool humid weather.,"Ensure good drainage, avoid waterlogging and use raised nursery beds.",Remove affected plants; improve drainage. Get the correct fungicide and dose from the agriculture officer or KVK.,,true
brinjal_little_leaf,brinjal,Little leaf,சிற்றிலை நோய்,phytoplasma,Phytoplasma (spread by leafhopper),Leaves become very small and pale; plant becomes bushy with no fruits.,High leafhopper population.,Use healthy planting material and control leafhopper vectors.,Uproot and destroy infected plants early. Ask the agriculture officer for vector control advice.,,true
brinjal_phomopsis,brinjal,Phomopsis blight and fruit rot,பழ அழுகல் நோய்,fungal,Phomopsis vexans,Grey-brown spots on leaves; pale sunken spots on fruits that rot.,Warm humid weather.,"Use certified disease-free seed, remove infected residues, avoid excess nitrogen, and keep good spacing and drainage.",Remove affected parts early; bio-agents such as Trichoderma or Pseudomonas are used for some fungal diseases. Get the correct fungicide and dose from the agriculture officer or KVK.,,true
onion_purple_blotch,onion,Purple blotch,ஊதா கருகல் நோய்,fungal,Alternaria porri,Small white sunken spots enlarge into purple lesions with yellow margins; leaves collapse.,Warm humid weather and rain.,"Use certified disease-free seed, remove infected residues, avoid excess nitrogen, and keep good spacing and drainage.",Remove affected parts early; bio-agents such as Trichoderma or Pseudomonas are used for some fungal diseases. Get the correct fungicide and dose from the agriculture officer or KVK.,,true
onion_basal_rot,onion,Basal rot,அடி அழுகல் நோய்,fungal,Fusarium oxysporum f. sp. cepae,Leaves yellow from the tips; roots and the bulb base rot.,Warm soils and damaged bulbs.,"Use certified disease-free seed, remove infected residues, avoid excess nitrogen, and keep good spacing and drainage.",Remove affected parts early; bio-agents such as Trichoderma or Pseudomonas are used for some fungal diseases. Get the correct fungicide and dose from the agriculture officer or KVK.,,true
turmeric_rhizome_rot,turmeric,Rhizome rot,கிழங்கு அழுகல் நோய்,oomycete,Pythium spp.,"Leaves yellow from margins, the collar becomes soft and rhizomes rot.",Waterlogging and poor drainage.,"Ensure good drainage, avoid waterlogging and use raised nursery beds.",Remove affected plants; improve drainage. Get the correct fungicide and dose from the agriculture officer or KVK.,,true
turmeric_leaf_spot,turmeric,Leaf spot,இலைப்புள்ளி நோய்,fungal,Colletotrichum spp.,Elliptical brown spots with grey centres on leaves.,Humid weather.,"Use certified disease-free seed, remove infected residues, avoid excess nitrogen, and keep good spacing and drainage.",Remove affected parts early; bio-agents such as Trichoderma or Pseudomonas are used for some fungal diseases. Get the correct fungicide and dose from the agriculture officer or KVK.,,true
pulse_yellow_mosaic,blackgram;greengram,Yellow mosaic,மஞ்சள் தேமல் நோய்,viral,Yellow mosaic viruses (spread by whitefly),Irregular yellow and green patches on leaves; stunted plants with few pods.,High whitefly population.,"Use resistant varieties, raise seedlings under insect-proof net, control the insect vector early and remove weed hosts.",Viral diseases cannot be cured; uproot and destroy infected plants early and manage the vector. Ask the agriculture officer for vector control advice.,,true
pulse_powdery_mildew,blackgram;greengram,Powdery mildew,சாம்பல் நோய்,fungal,Erysiphe polygoni,White powdery patches on leaves and pods.,Dry days with cool nights.,"Use certified disease-free seed, remove infected residues, avoid excess nitrogen, and keep good spacing and drainage.",Remove affected parts early; bio-agents such as Trichoderma or Pseudomonas are used for some fungal diseases. Get the correct fungicide and dose from the agriculture officer or KVK.,,true
