pest_id,crops,name_en,name_ta,scientific_name,pest_type,damage_symptoms,ipm,verification_required
rice_stem_borer,paddy,Yellow stem borer,தண்டு துளைப்பான்,Scirpophaga incertulas,insect,Central shoot dries (dead heart) in the vegetative stage; empty white panicles (white ear) at heading.,"Monitor the field weekly; use pheromone, light or sticky traps where suitable; conserve natural enemies; remove and destroy damaged parts; use botanicals or bio-agents where recommended. Use chemical pesticides only on agriculture-officer advice, following the label dose and waiting period.",true
rice_leaf_folder,paddy,Leaf folder,இலைச்சுருட்டுப் புழு,Cnaphalocrocis medinalis,insect,Leaves folded lengthwise; larvae scrape green tissue leaving white streaks.,"Monitor the field weekly; use pheromone, light or sticky traps where suitable; conserve natural enemies; remove and destroy damaged parts; use botanicals or bio-agents where recommended. Use chemical pesticides only on agriculture-officer advice, following the label dose and waiting period.",true
rice_bph,paddy,Brown planthopper,புகையான்,Nilaparvata lugens,insect,Plants turn yellow then dry in circular patches (hopper burn); insects cluster at the plant base.,"Monitor the field weekly; use pheromone, light or sticky traps where suitable; conserve natural enemies; remove and destroy damaged parts; use botanicals or bio-agents where recommended. Use chemical pesticides only on agriculture-officer advice, following the label dose and waiting period.",true
rice_glh,paddy,Green leafhopper,பச்சைத் தத்துப்பூச்சி,Nephotettix spp.,insect,Sucks sap and spreads tungro virus.,"Monitor the field weekly; use pheromone, light or sticky traps where suitable; conserve natural enemies; remove and destroy damaged parts; use botanicals or bio-agents where recommended. Use chemical pesticides only on agriculture-officer advice, following the label dose and waiting period.",true
rice_gall_midge,paddy,Gall midge,ஆனைக்கொம்பன் ஈ,Orseolia oryzae,insect,The central leaf turns into a hollow silvery tube (silver shoot).,"Monitor the field weekly; use pheromone, light or sticky traps where suitable; conserve natural enemies; remove and destroy damaged parts; use botanicals or bio-agents where recommended. Use chemical pesticides only on agriculture-officer advice, following the label dose and waiting period.",true
rice_earhead_bug,paddy,Earhead bug,கதிர் நாவாய்ப்பூச்சி,Leptocorisa acuta,insect,Sucks milky grains causing chaffy grains; the field has a bad smell.,"Monitor the field weekly; use pheromone, light or sticky traps where suitable; conserve natural enemies; remove and destroy damaged parts; use botanicals or bio-agents where recommended. Use chemical pesticides only on agriculture-officer advice, following the label dose and waiting period.",true
helicoverpa,tomato;chilli;cotton;blackgram;greengram,Fruit / pod borer (Helicoverpa),காய்ப்புழு,Helicoverpa armigera,insect,Round holes on fruits or pods with a larva feeding inside; damaged fruits rot.,"Monitor the field weekly; use pheromone, light or sticky traps where suitable; conserve natural enemies; remove and destroy damaged parts; use botanicals or bio-agents where recommended. Use chemical pesticides only on agriculture-officer advice, following the label dose and waiting period.",true
whitefly,tomato;cotton;chilli;brinjal;blackgram;greengram,Whitefly,வெள்ளை ஈ,Bemisia tabaci,insect,"Sucks sap, causes yellowing and sooty mould; spreads leaf curl and yellow mosaic viruses.","Monitor the field weekly; use pheromone, light or sticky traps where suitable; conserve natural enemies; remove and destroy damaged parts; use botanicals or bio-agents where recommended. Use chemical pesticides only on agriculture-officer advice, following the label dose and waiting period.",true
tomato_leaf_miner,tomato,Serpentine leaf miner,இலைச் சுரங்கப் புழு,Liriomyza trifolii,insect,Winding white tunnels inside leaves.,"Monitor the field weekly; use pheromone, light or sticky traps where suitable; conserve natural enemies; remove and destroy damaged parts; use botanicals or bio-agents where recommended. Use chemical pesticides only on agriculture-officer advice, following the label dose and waiting period.",true
tuta,tomato,Tomato pinworm (Tuta),டூட்டா புழு,Tuta absoluta,insect,Blotch mines on leaves and small holes on fruits.,"Monitor the field weekly; use pheromone, light or sticky traps where suitable; conserve natural enemies; remove and destroy damaged parts; use botanicals or bio-agents where recommended. Use chemical pesticides only on agriculture-officer advice, following the label dose and waiting period.",true
thrips,chilli;onion;cotton;groundnut,Thrips,இலைப்பேன்,Scirtothrips dorsalis / Thrips tabaci,insect,Leaves curl upwards with silvery streaks; scarred fruits.,"Monitor the field weekly; use pheromone, light or sticky traps where suitable; conserve natural enemies; remove and destroy damaged parts; use botanicals or bio-agents where recommended. Use chemical pesticides only on agriculture-officer advice, following the label dose and waiting period.",true
chilli_yellow_mite,chilli,Yellow mite,மஞ்சள் சிலந்தி,Polyphagotarsonemus latus,mite,Leaves curl downwards and become narrow and leathery.,Monitor under leaves weekly; avoid unnecessary broad-spectrum sprays that kill natural enemies; remove heavily infested parts. Get an approved acaricide and dose from the agriculture officer if needed.,true
aphids,chilli;cotton;blackgram;greengram;brinjal,Aphids,அசுவினி,Aphis spp.,insect,Colonies on tender shoots suck sap; honeydew attracts ants and sooty mould.,"Monitor the field weekly; use pheromone, light or sticky traps where suitable; conserve natural enemies; remove and destroy damaged parts; use botanicals or bio-agents where recommended. Use chemical pesticides only on agriculture-officer advice, following the label dose and waiting period.",true
banana_rhizome_weevil,banana,Rhizome weevil,கிழங்கு கூன்வண்டு,Cosmopolites sordidus,insect,Tunnels in the corm; plants become weak and topple.,"Monitor the field weekly; use pheromone, light or sticky traps where suitable; conserve natural enemies; remove and destroy damaged parts; use botanicals or bio-agents where recommended. Use chemical pesticides only on agriculture-officer advice, following the label dose and waiting period.",true
banana_stem_weevil,banana,Pseudostem weevil,தண்டு கூன்வண்டு,Odoiporus longicollis,insect,Jelly-like ooze from holes in the pseudostem; the stem breaks.,"Monitor the field weekly; use pheromone, light or sticky traps where suitable; conserve natural enemies; remove and destroy damaged parts; use botanicals or bio-agents where recommended. Use chemical pesticides only on agriculture-officer advice, following the label dose and waiting period.",true
banana_aphid,banana,Banana aphid,வாழை அசுவினி,Pentalonia nigronervosa,insect,Clusters at the leaf bases; spreads bunchy top virus.,"Monitor the field weekly; use pheromone, light or sticky traps where suitable; conserve natural enemies; remove and destroy damaged parts; use botanicals or bio-agents where recommended. Use chemical pesticides only on agriculture-officer advice, following the label dose and waiting period.",true
coconut_rhino_beetle,coconut,Rhinoceros beetle,காண்டாமிருக வண்டு,Oryctes rhinoceros,insect,V-shaped cuts on opened fronds; holes with chewed fibre in the crown.,"Monitor the field weekly; use pheromone, light or sticky traps where suitable; conserve natural enemies; remove and destroy damaged parts; use botanicals or bio-agents where recommended. Use chemical pesticides only on agriculture-officer advice, following the label dose and waiting period.",true
coconut_rpw,coconut,Red palm weevil,சிவப்பு கூன்வண்டு,Rhynchophorus ferrugineus,insect,Holes on the trunk with brown ooze and chewed fibre; the crown wilts and the palm can die.,"Monitor the field weekly; use pheromone, light or sticky traps where suitable; conserve natural enemies; remove and destroy damaged parts; use botanicals or bio-agents where recommended. Use chemical pesticides only on agriculture-officer advice, following the label dose and waiting period.",true
coconut_bhc,coconut,Black-headed caterpillar,கருந்தலைப் புழு,Opisina arenosella,insect,Leaflets scraped from underneath; fronds look dried and burnt in patches.,"Monitor the field weekly; use pheromone, light or sticky traps where suitable; conserve natural enemies; remove and destroy damaged parts; use botanicals or bio-agents where recommended. Use chemical pesticides only on agriculture-officer advice, following the label dose and waiting period.",true
coconut_mite,coconut,Eriophyid mite,எரியோஃபைட் சிலந்தி,Aceria guerreronis,mite,"Triangular pale patches under the cap of young nuts, later brown cracked husk; small nuts.",Monitor under leaves weekly; avoid unnecessary broad-spectrum sprays that kill natural enemies; remove heavily infested parts. Get an approved acaricide and dose from the agriculture officer if needed.,true
coconut_rsw,coconut,Rugose spiralling whitefly,சுருள் வெள்ளை ஈ,Aleurodicus rugioperculatus,insect,Spiral waxy egg patterns and white colonies under leaflets; heavy sooty mould.,"Monitor the field weekly; use pheromone, light or sticky traps where suitable; conserve natural enemies; remove and destroy damaged parts; use botanicals or bio-agents where recommended. Use chemical pesticides only on agriculture-officer advice, following the label dose and waiting period.",true
sugarcane_esb,sugarcane,Early shoot borer,இளம் குருத்துப் புழு,Chilo infuscatellus,insect,Dead hearts in young cane that pull out easily with a foul smell.,"Monitor the field weekly; use pheromone, light or sticky traps where suitable; conserve natural enemies; remove and destroy damaged parts; use botanicals or bio-agents where recommended. Use chemical pesticides only on agriculture-officer advice, following the label dose and waiting period.",true
sugarcane_inb,sugarcane,Internode borer,கணு இடைத் துளைப்பான்,Chilo sacchariphagus indicus,insect,Bore holes on internodes with frass; reduced cane weight.,"Monitor the field weekly; use pheromone, light or sticky traps where suitable; conserve natural enemies; remove and destroy damaged parts; use botanicals or bio-agents where recommended. Use chemical pesticides only on agriculture-officer advice, following the label dose and waiting period.",true
sugarcane_woolly_aphid,sugarcane,Woolly aphid,பஞ்சு அசுவினி,Ceratovacuna lanigera,insect,White woolly colonies under leaves; sooty mould.,"Monitor the field weekly; use pheromone, light or sticky traps where suitable; conserve natural enemies; remove and destroy damaged parts; use botanicals or bio-agents where recommended. Use chemical pesticides only on agriculture-officer advice, following the label dose and waiting period.",true
groundnut_leaf_miner,groundnut,Leaf miner,சுருள் பூச்சி,Aproaerema modicella,insect,"Small blotch mines, then leaflets webbed together; the field looks burnt from a distance.","Monitor the field weekly; use pheromone, light or sticky traps where suitable; conserve natural enemies; remove and destroy damaged parts; use botanicals or bio-agents where recommended. Use chemical pesticides only on agriculture-officer advice, following the label dose and waiting period.",true
red_hairy_caterpillar,groundnut,Red hairy caterpillar,சிவப்பு கம்பளிப்புழு,Amsacta albistriga,insect,Groups of larvae defoliate the crop quickly after the first rains.,"Monitor the field weekly; use pheromone, light or sticky traps where suitable; conserve natural enemies; remove and destroy damaged parts; use botanicals or bio-agents where recommended. Use chemical pesticides only on agriculture-officer advice, following the label dose and waiting period.",true
white_grub,groundnut;sugarcane,White grub,வெள்ளைப் புழு,Holotrichia spp.,insect,Larvae feed on roots and pods; plants wilt and dry in patches.,"Monitor the field weekly; use pheromone, light or sticky traps where suitable; conserve natural enemies; remove and destroy damaged parts; use botanicals or bio-agents where recommended. Use chemical pesticides only on agriculture-officer advice, following the label dose and waiting period.",true
pink_bollworm,cotton,Pink bollworm,இளஞ்சிவப்பு காய்ப்புழு,Pectinophora gossypiella,insect,"Rosette (unopened) flowers, bored bolls, damaged seeds and stained lint.","Monitor the field weekly; use pheromone, light or sticky traps where suitable; conserve natural enemies; remove and destroy damaged parts; use botanicals or bio-agents where recommended. Use chemical pesticides only on agriculture-officer advice, following the label dose and waiting period.",true
jassid,cotton;brinjal,Leafhopper (jassid),தத்துப்பூச்சி,Amrasca biguttula biguttula,insect,Leaf edges turn yellow then reddish and curl down (hopper burn).,"Monitor the field weekly; use pheromone, light or sticky traps where suitable; conserve natural enemies; remove and destroy damaged parts; use botanicals or bio-agents where recommended. Use chemical pesticides only on agriculture-officer advice, following the label dose and waiting period.",true
mealybug,cotton;tomato;brinjal,Mealybug,மாவுப்பூச்சி,Phenacoccus solenopsis,insect,White waxy colonies on stems and leaves; stunting and sooty mould.,"Monitor the field weekly; use pheromone, light or sticky traps where suitable; conserve natural enemies; remove and destroy damaged parts; use botanicals or bio-agents where recommended. Use chemical pesticides only on agriculture-officer advice, following the label dose and waiting period.",true
fall_armyworm,maize,Fall armyworm,படைப்புழு,Spodoptera frugiperda,insect,Window-pane scraping and ragged holes on leaves; sawdust-like frass in the whorl; larva has an inverted Y on the head.,"Monitor the field weekly; use pheromone, light or sticky traps where suitable; conserve natural enemies; remove and destroy damaged parts; use botanicals or bio-agents where recommended. Use chemical pesticides only on agriculture-officer advice, following the label dose and waiting period.",true
maize_stem_borer,maize,Spotted stem borer,தண்டு துளைப்பான்,Chilo partellus,insect,Shot holes on leaves and dead hearts in young plants.,"Monitor the field weekly; use pheromone, light or sticky traps where suitable; conserve natural enemies; remove and destroy damaged parts; use botanicals or bio-agents where recommended. Use chemical pesticides only on agriculture-officer advice, following the label dose and waiting period.",true
brinjal_sfb,brinjal,Shoot and fruit borer,தண்டு மற்றும் காய் துளைப்பான்,Leucinodes orbonalis,insect,Shoots wilt and droop; fruits have holes with frass.,"Monitor the field weekly; use pheromone, light or sticky traps where suitable; conserve natural enemies; remove and destroy damaged parts; use botanicals or bio-agents where recommended. Use chemical pesticides only on agriculture-officer advice, following the label dose and waiting period.",true
epilachna,brinjal,Epilachna beetle,எபிலாக்னா வண்டு,Henosepilachna vigintioctopunctata,insect,"Grubs and adults scrape leaves, leaving a skeleton of veins.","Monitor the field weekly; use pheromone, light or sticky traps where suitable; conserve natural enemies; remove and destroy damaged parts; use botanicals or bio-agents where recommended. Use chemical pesticides only on agriculture-officer advice, following the label dose and waiting period.",true
drumstick_pod_fly,drumstick,Pod fly,காய் ஈ,Gitona distigma,insect,Gum oozes from young pods; pods rot and split from the tip.,"Monitor the field weekly; use pheromone, light or sticky traps where suitable; conserve natural enemies; remove and destroy damaged parts; use botanicals or bio-agents where recommended. Use chemical pesticides only on agriculture-officer advice, following the label dose and waiting period.",true
drumstick_hairy_caterpillar,drumstick,Hairy caterpillar,கம்பளிப்புழு,Eupterote mollifera,insect,Groups of hairy caterpillars rest on the trunk by day and strip the leaves.,"Monitor the field weekly; use pheromone, light or sticky traps where suitable; conserve natural enemies; remove and destroy damaged parts; use botanicals or bio-agents where recommended. Use chemical pesticides only on agriculture-officer advice, following the label dose and waiting period.",true
turmeric_shoot_borer,turmeric,Shoot borer,தண்டு துளைப்பான்,Conogethes punctiferalis,insect,Holes with frass on the pseudostem; the central shoot dries.,"Monitor the field weekly; use pheromone, light or sticky traps where suitable; conserve natural enemies; remove and destroy damaged parts; use botanicals or bio-agents where recommended. Use chemical pesticides only on agriculture-officer advice, following the label dose and waiting period.",true
maruca,blackgram;greengram,Spotted pod borer,புள்ளிக் காய்த்துளைப்பான்,Maruca vitrata,insect,Flowers and pods webbed together with larvae feeding inside.,"Monitor the field weekly; use pheromone, light or sticky traps where suitable; conserve natural enemies; remove and destroy damaged parts; use botanicals or bio-agents where recommended. Use chemical pesticides only on agriculture-officer advice, following the label dose and waiting period.",true
pulse_beetle,blackgram;greengram,Pulse beetle (storage),பயறு வண்டு,Callosobruchus spp.,insect,Round exit holes in stored seeds with powdery damage.,"Monitor the field weekly; use pheromone, light or sticky traps where suitable; conserve natural enemies; remove and destroy damaged parts; use botanicals or bio-agents where recommended. Use chemical pesticides only on agriculture-officer advice, following the label dose and waiting period.",true
rats,paddy;coconut;groundnut,Rats,எலி,Bandicota bengalensis and others,vertebrate,"Cut tillers and panicles, burrows in bunds, damaged nuts and pods.","Keep bunds narrow and clean, use community-level trapping and baiting campaigns organised by the agriculture department, and put up owl/bird perches.",true
