pesticide_id,name,type,targets,usage_notes,dose,safety_notes,verification_required
trichoderma,Trichoderma viride / harzianum,bio-fungicide,"Soil- and seed-borne fungal diseases (root rot, damping off, wilt)","Seed treatment, nursery and soil application with organic manure.",Not provided — follow product label and agriculture officer/KVK advice,"Wear gloves and mask; keep away from children, water sources and food; observe pre-harvest interval.",true
pseudomonas,Pseudomonas fluorescens,bio-control bacterium,"Several fungal and bacterial diseases, e.g. paddy blast and sheath blight suppression","Seed, seedling-root dip, soil or foliar use.",Not provided — follow product label and agriculture officer/KVK advice,"Wear gloves and mask; keep away from children, water sources and food; observe pre-harvest interval.",true
beauveria,Beauveria bassiana,entomopathogenic fungus,Caterpillars and some sucking pests,Foliar use in humid conditions.,Not provided — follow product label and agriculture officer/KVK advice,"Wear gloves and mask; keep away from children, water sources and food; observe pre-harvest interval.",true
metarhizium,Metarhizium anisopliae,entomopathogenic fungus,"Rhinoceros beetle grubs in manure pits, white grubs",Applied to breeding sites and soil.,Not provided — follow product label and agriculture officer/KVK advice,"Wear gloves and mask; keep away from children, water sources and food; observe pre-harvest interval.",true
bt,Bacillus thuringiensis (Bt),microbial insecticide,"Caterpillars (e.g. leaf folder, fruit borers)",Acts when larvae eat treated leaves; best on young larvae.,Not provided — follow product label and agriculture officer/KVK advice,"Wear gloves and mask; keep away from children, water sources and food; observe pre-harvest interval.",true
npv,Nuclear polyhedrosis virus (HaNPV / SlNPV),viral bio-insecticide,Helicoverpa and Spodoptera caterpillars,Species-specific; apply in the evening.,Not provided — follow product label and agriculture officer/KVK advice,"Wear gloves and mask; keep away from children, water sources and food; observe pre-harvest interval.",true
trichogramma,Trichogramma egg parasitoid cards,natural enemy,Eggs of borers and caterpillars,Cards are stapled to leaves at intervals; avoid chemical sprays soon after release.,Not provided — follow product label and agriculture officer/KVK advice,"Wear gloves and mask; keep away from children, water sources and food; observe pre-harvest interval.",true
nske,Neem seed kernel extract / neem oil,botanical,Sucking pests and young caterpillars (repellent and antifeedant),Best used early and as a preventive.,Not provided — follow product label and agriculture officer/KVK advice,"Wear gloves and mask; keep away from children, water sources and food; observe pre-harvest interval.",true
pheromone_trap,Pheromone traps,trap,"Species-specific: stem borer, fruit borer, pink bollworm, fall armyworm, rhinoceros beetle, red palm weevil",For monitoring and mass trapping; replace lures as instructed.,Not provided — follow product label and agriculture officer/KVK advice,"Wear gloves and mask; keep away from children, water sources and food; observe pre-harvest interval.",true
yellow_sticky_trap,Yellow sticky traps,trap,"Whitefly, aphids, leaf miner adults",Place slightly above crop canopy.,Not provided — follow product label and agriculture officer/KVK advice,"Wear gloves and mask; keep away from children, water sources and food; observe pre-harvest interval.",true
blue_sticky_trap,Blue sticky traps,trap,Thrips,Place slightly above crop canopy.,Not provided — follow product label and agriculture officer/KVK advice,"Wear gloves and mask; keep away from children, water sources and food; observe pre-harvest interval.",true
light_trap,Light traps,trap,Night-flying moths and hoppers,For monitoring and community-level control.,Not provided — follow product label and agriculture officer/KVK advice,"Wear gloves and mask; keep away from children, water sources and food; observe pre-harvest interval.",true
bird_perch,Bird perches,cultural,Caterpillars (birds feed on them),T-shaped perches placed in the field.,Not provided — follow product label and agriculture officer/KVK advice,"Wear gloves and mask; keep away from children, water sources and food; observe pre-harvest interval.",true
chemical_classes,Chemical pesticides (all classes),chemical,Varies by product,"Use only products approved for the crop and pest, on agriculture-officer/KVK advice. Always follow the label dose, protective equipment and pre-harvest interval.",Not provided — follow product label and agriculture officer/KVK advice,"Wear gloves and mask; keep away from children, water sources and food; observe pre-harvest interval.",true
