scheme_id,scheme_name,state,eligibility,benefits,documents,application_process,official_source,last_verified,verification_required
pm_kisan,PM-KISAN,Central,"Farmer families with cultivable land in their name; income-tax payers, government employees and certain professionals excluded; e-KYC mandatory.","₹6,000 per year in three ₹2,000 instalments by direct benefit transfer.","Aadhaar, land records, Aadhaar-linked bank account, mobile number.","Register on pmkisan.gov.in, at an e-Sevai/CSC centre or via the agriculture department; complete e-KYC.",https://pmkisan.gov.in,2026-09-23,true
pmfby,Pradhan Mantri Fasal Bima Yojana (PMFBY),Central,"Farmers growing notified crops in notified areas, including tenant farmers and sharecroppers.","Crop insurance; farmer premium capped at 2% (kharif), 1.5% (rabi), 5% (commercial/horticulture).","Aadhaar, land records or tenancy document, bank details, sowing certificate from VAO.","Enrol before the seasonal cut-off via bank, cooperative, e-Sevai centre or pmfby.gov.in; report localised loss within 72 hours.",https://pmfby.gov.in,not re-verified in this build,true
kcc,Kisan Credit Card (KCC),Central,"Owner cultivators, tenant farmers, sharecroppers, farmer SHGs/JLGs.",Short-term crop credit at concessional interest with subvention for prompt repayment.,"Aadhaar, land records, photo, bank KYC.","Apply at a commercial bank, regional rural bank or cooperative society.",Your bank / cooperative society,not re-verified in this build,true
soil_health_card,Soil Health Card,Central,All farmers.,Free soil test with crop-wise fertilizer recommendations.,Farmer details and field location.,Contact the block agriculture office or soil testing laboratory.,https://soilhealth.dac.gov.in,not re-verified in this build,true
pm_kusum,PM-KUSUM (solar pumps),Central + State,"Individual farmers, groups, FPOs and cooperatives with a water source.",Subsidy for standalone solar pumps and solarising grid pumps; shares fixed by the state each year.,"Aadhaar, land records, water-source proof, bank details.",Apply via the TN Agricultural Engineering Department or state portal when open.,https://pmkusum.mnre.gov.in,not re-verified in this build,true
pm_kmy,PM Kisan Maandhan Yojana,Central,Small and marginal farmers aged 18–40 with up to 2 hectares.,"Pension of ₹3,000 per month after age 60; farmer contribution matched by the Centre.","Aadhaar, bank passbook.",Enrol at a Common Service Centre.,https://maandhan.in,not re-verified in this build,true
enam,e-NAM,Central,"Farmers, FPOs and traders at e-NAM linked markets.",Online trading with transparent bidding and bank payment.,"Aadhaar, bank details, mobile number.","Register on enam.gov.in, the app, or at a linked regulated market.",https://enam.gov.in,not re-verified in this build,true
pkvy,Paramparagat Krishi Vikas Yojana (PKVY),Central,Farmers forming or joining organic clusters.,"Support for organic inputs, training and PGS certification.","Aadhaar, land records.",Contact the block agriculture office.,Block agriculture office,not re-verified in this build,true
smam,Sub-Mission on Agricultural Mechanisation (SMAM),Central + State,"All farmers; priority to small/marginal, women and SC/ST farmers.",Subsidy on farm machinery and support for custom hiring centres.,"Aadhaar, land records, bank details, caste certificate if applicable.",Apply via the Agricultural Engineering Department / agrimachinery.nic.in when open.,https://agrimachinery.nic.in,not re-verified in this build,true
aif,Agriculture Infrastructure Fund,Central,"Farmers, FPOs, PACS, agri-entrepreneurs and start-ups.","3% interest subvention on loans up to ₹2 crore for post-harvest infrastructure, plus credit guarantee.","Project report, KYC, land/lease documents.",Apply at agriinfra.dac.gov.in and choose a lending bank.,https://agriinfra.dac.gov.in,not re-verified in this build,true
micro_irrigation,Micro Irrigation Subsidy (PMKSY – Per Drop More Crop),Central + State,Farmers with a water source and land records; small/marginal certificate for the higher subsidy.,Subsidy on drip/sprinkler; in Tamil Nadu up to 100% for small/marginal and up to 75% for others within unit-cost limits.,"Aadhaar, land records, water-source proof, small/marginal certificate.",Apply at the block horticulture/agriculture office or online via TNHORTNET.,https://tnhorticulture.tn.gov.in,not re-verified in this build,true
uzhavar_sandhai,Uzhavar Sandhai (farmers' markets),Tamil Nadu,Vegetable/fruit growers holding an Uzhavar Sandhai identity card.,Sell directly to consumers without middlemen; shop space and weighing facilities.,Farmer ID card issued by Agricultural Marketing department.,Contact the Uzhavar Sandhai officer or district Agricultural Marketing office.,TN Agricultural Marketing & Agri Business Department,not re-verified in this build,true
kuruvai_package,Kuruvai Special Package,Tamil Nadu,Kuruvai paddy growers in areas notified for the year.,"Input support (e.g. fertilizer, seeds) for Kuruvai paddy; extended to non-delta paddy farmers in 2026–27.","Aadhaar, land records, cultivation details.",Register via the block agriculture office or Uzhavan app after announcement.,Block agriculture office / Uzhavan app,2026-09-23,true
free_power,Free electricity for agriculture,Tamil Nadu,Farmers with an agricultural service connection.,Free power supply for agricultural pump sets (continued in 2026–27 budget).,"Land records, well/borewell details, application.",Apply at the local TNPDCL section office; connections follow registration seniority.,TNPDCL (formerly TANGEDCO),2026-09-23,true
paddy_procurement,Paddy procurement at Direct Purchase Centres,Tamil Nadu,Registered paddy farmers.,"MSP plus state incentive (KMS 2025–26: ₹1,560/tonne Grade A, ₹1,310/tonne common), paid to bank.","VAO certificate, Aadhaar, bank details.",Register at the nearest DPC (online registration also available) and deliver on allotted date.,https://www.tncsc.tn.gov.in,2026-09-23,true
coop_crop_loan,Cooperative crop loans,Tamil Nadu,Farmer members of the village cooperative credit society.,"Short-term crop loans; about ₹17,000 crore planned for 2026–27; interest benefits for timely repayment (check with society).","Land records, Aadhaar, membership.",Apply at the village Primary Agricultural Cooperative Credit Society.,Village cooperative credit society,2026-09-23,true
certified_seeds,Certified seed distribution,Tamil Nadu,All farmers.,"Certified seeds of paddy, pulses, millets and oilseeds at subsidised rates; paddy seed subsidy continued from state funds in 2026–27.",Aadhaar / farmer details.,Buy at the block Agriculture Extension Centre.,Block Agriculture Extension Centre,2026-09-23,true
